,id,RA,Dec,Vls,distance
0,27,6.1965,-20.7324,16092,214.13159067229682
1,76,9.8597,6.734,12139,159.25049636593025
2,119,14.0672,-1.2561,13460,181.12532913503836
3,147,17.1579,2.2684,13163,175.7747123236299
4,151,17.213,-15.4072,16064,217.76641884693586
5,168,18.7404,0.4311,13597,183.63734919817765
6,189,20.8597,1.7049,9720,128.97214899258068
7,193,21.2814,8.6992,14676,200.56729925695433
8,194,21.4952,-1.3394,5495,68.78309220740846
9,195,21.7281,19.2139,12841,172.3039991579956
